"Time (s)","Linear Acceleration x (m/s^2)","Linear Acceleration y (m/s^2)","Linear Acceleration z (m/s^2)","Absolute acceleration (m/s^2)"
5.721916677E-3,-1.468326044E0,-1.515686005E-2,-1.126933873E-1,1.472722275E0
1.569191669E-2,-1.905016281E0,6.401631099E-1,1.048101711E-1,2.012431617E0
2.566291671E-2,-2.164055829E0,1.164437914E0,4.234009784E-1,2.493656286E0
3.563291667E-2,-2.183226510E0,1.188241344E0,-4.407724714E-1,2.524415944E0
4.560391669E-2,-2.218494137E0,9.065125537E-1,-4.349141461E-1,2.435699399E0
5.557491671E-2,-2.436628756E0,1.031083975E0,-3.723074234E-1,2.671873252E0
6.554491667E-2,-2.536733235E0,5.983543485E-1,-5.939858937E-1,2.673174643E0
7.551591669E-2,-2.485953675E0,5.974053454E-1,-9.859756297E-1,2.740256697E0
8.548691671E-2,-2.300225348E0,7.207675624E-1,-6.906228268E-1,2.507489266E0
9.545691666E-2,-2.054897814E0,5.319445968E-1,-8.618135136E-1,2.290915235E0
1.054279167E-1,-1.630712139E0,-2.051086307E-2,-3.855262238E-1,1.675790335E0
1.153979167E-1,-1.651338339E0,-7.409644300E-1,8.926441276E-1,2.018108058E0
1.253689167E-1,-1.291033056E0,-2.736426759E-1,9.071563321E-1,1.601430385E0
1.353399167E-1,-6.920087631E-1,1.422168562E-1,6.365559626E-1,9.509496600E-1
1.453099167E-1,-7.817280015E-1,-6.538941264E-2,6.511009115E-1,1.019463997E0
1.552809167E-1,-8.409725022E-1,-2.349876103E-1,5.083007956E-1,1.010358167E0
1.652519167E-1,-5.875961296E-1,-4.462586215E-1,-1.764748156E-2,7.380565035E-1
1.752219167E-1,-6.332365713E-1,-5.216561285E-1,-2.185010934E-1,8.490326257E-1
1.851929167E-1,-9.672305527E-1,-6.772049287E-1,-1.510394275E-1,1.190358923E0
1.951629167E-1,-7.325253629E-1,-7.997549674E-1,-5.162880921E-1,1.201147289E0
2.051339167E-1,-5.566245977E-1,-9.723983949E-1,-9.118095464E-1,1.444571296E0
2.151049167E-1,-1.087314309E0,-7.570638612E-1,-4.996574414E-1,1.415999878E0
2.250749167E-1,-1.069342672E0,-4.236892462E-1,1.038143903E-1,1.154895561E0
2.350459167E-1,-9.179362589E-1,-2.097185755E-1,3.980451125E-1,1.022266486E0
2.450159167E-1,-1.215416352E0,-4.388654020E-1,6.308432329E-1,1.437985721E0
2.549869167E-1,-1.166990150E0,-9.863568681E-1,9.478751725E-1,1.798119358E0
2.649579167E-1,-7.041937027E-1,-1.015673638E0,1.193185750E0,1.717898118E0
2.749279167E-1,-9.368831380E-1,-5.197166070E-1,1.563479392E0,1.895342495E0
2.848989167E-1,-1.668316022E0,-5.949971697E-1,1.538152762E0,2.345892986E0
2.948689167E-1,-1.377737617E0,-3.136890864E-1,3.119893008E-1,1.447031135E0
3.048399167E-1,-1.714460347E0,-1.363418663E-1,-7.108986318E-2,1.721341673E0
3.148109167E-1,-1.566383412E0,9.065786272E-2,-3.720442986E-1,1.612511333E0
3.247809167E-1,-1.354119251E0,4.024340326E-1,-1.152192090E0,1.822947807E0
3.347519167E-1,-1.155782281E0,5.215745598E-1,-8.430024362E-1,1.522670617E0
3.447229167E-1,-7.754113276E-1,3.694925737E-1,-4.363069528E-1,9.634060650E-1
3.546929167E-1,-5.885767076E-1,2.895719531E-1,-1.085155517E-1,6.648684695E-1
3.646639167E-1,-2.023648247E-3,6.581248793E-1,5.578097552E-1,8.627190591E-1
3.746339167E-1,-2.038937254E-1,1.553855752E0,5.897700512E-1,1.674475758E0
3.846049167E-1,-3.152999213E-1,1.059361987E0,3.773073775E-1,1.167913831E0
3.945766250E-1,-3.728294335E-2,1.240226600E0,-2.958047926E-1,1.275559686E0
4.045466250E-1,-6.693626431E-1,1.640774028E0,6.188342214E-2,1.773137140E0
4.145176250E-1,-9.458836108E-1,1.446551743E0,2.203710330E-1,1.742346448E0
4.244876250E-1,-8.190534103E-1,1.287708330E0,-2.102892637E-1,1.540539777E0
4.344586250E-1,-7.054550202E-1,1.369454159E0,1.969049871E-2,1.540603516E0
4.444296250E-1,-8.971276264E-1,1.441174352E0,-5.836573720E-2,1.698595905E0
4.543996250E-1,-2.824632738E-1,1.208578837E0,-7.859979308E-1,1.469095318E0
4.643706250E-1,1.503362267E-1,7.358864155E-1,-1.939439571E-1,7.757216357E-1
4.743406250E-1,2.485481074E-1,9.386941668E-1,3.204432052E-1,1.022549142E0
4.843116250E-1,6.262044905E-1,1.165169401E0,7.403604126E-1,1.515877745E0
4.942826250E-1,8.623134506E-1,7.769464409E-1,7.023862553E-1,1.356678558E0
5.042526250E-1,4.395597589E-1,3.918631437E-1,7.889624691E-1,9.844954458E-1
5.142236250E-1,3.978528853E-1,2.936167645E-1,4.230033678E-1,6.507146624E-1
5.241946250E-1,4.479668856E-1,6.019807917E-1,-4.593894213E-1,8.798260309E-1
5.341646250E-1,7.312681384E-2,2.458008662E-1,-3.949215299E-1,4.708806765E-1
5.441356250E-1,-3.379938423E-1,-3.106119892E-1,-3.271429449E-1,5.636862174E-1
5.541056250E-1,3.206859378E-1,-3.536574367E-1,-6.835886264E-1,8.337904193E-1
5.640766250E-1,5.347569613E-1,-7.108635485E-1,-7.690901220E-2,8.928644849E-1
5.740476250E-1,5.600821294E-1,-6.491271839E-1,3.615333438E-2,8.581172158E-1
5.840176250E-1,6.442882475E-1,-9.006983748E-1,2.445498544E-1,1.134094149E0
5.939886250E-1,8.295037003E-1,-9.405489036E-1,6.069129181E-1,1.393216393E0
6.039586250E-1,4.268731282E-1,-9.243871996E-1,2.793594986E-1,1.055819157E0
6.139296250E-1,4.669522832E-1,-9.520079845E-1,9.627849877E-2,1.064722117E0
6.239006250E-1,5.720564231E-1,-1.109784866E0,5.883854306E-1,1.380242158E0
6.338706250E-1,3.676149597E-1,-1.041825310E0,3.599031401E-1,1.161925559E0
6.438416250E-1,-4.834880628E-1,-7.874234819E-1,-3.929083335E-1,1.004078386E0
6.538126250E-1,-4.878636074E-1,-6.125452486E-1,4.551940441E-2,7.844071629E-1
6.637826251E-1,-3.416878939E-1,-3.663184127E-1,4.614306843E-1,6.810712685E-1
6.737536250E-1,-4.053644378E-1,2.347101599E-2,4.322209185E-1,5.930313132E-1
6.837236250E-1,-2.698881056E-1,-2.730912834E-2,9.512835145E-2,2.874626607E-1
6.936946250E-1,-2.591413618E-1,-1.783342302E-2,-2.012968308E-1,3.286224132E-1
7.036656250E-1,-2.845839858E-3,6.778405210E-1,-1.018087953E-1,6.854494158E-1
7.136356250E-1,4.326743701E-1,9.964994484E-1,-3.252770984E-1,1.134029740E0
7.236066250E-1,6.384235632E-1,1.085171304E0,-6.754574883E-1,1.428784177E0
7.335766250E-1,6.619007188E-1,7.293819728E-1,-6.590466928E-1,1.185096269E0
7.435476250E-1,7.702969873E-1,1.767847180E-1,-4.308567631E-1,9.001376759E-1
7.535186250E-1,9.946822800E-1,3.334020969E-1,4.524101847E-1,1.142464341E0
7.634886250E-1,9.371606614E-1,7.845282331E-1,6.473370588E-1,1.383040101E0
7.734596250E-1,5.820305670E-1,3.839875290E-1,-1.948455977E-1,7.239964159E-1
7.834306250E-1,1.178024285E-1,3.902931663E-1,-6.133460248E-1,7.364777756E-1
7.934006250E-1,-1.474768835E-1,7.057419723E-1,-4.068749928E-1,8.278698101E-1
8.033716250E-1,-6.186429078E-2,6.469493884E-1,-8.964804858E-1,1.107270501E0
8.133416250E-1,3.891339924E-1,-7.200670660E-2,-8.008171141E-1,8.932627162E-1
8.233126250E-1,3.616881488E-1,-7.508006161E-1,3.982059109E-1,9.236275384E-1
8.332836250E-1,5.419353322E-1,-8.434669974E-1,1.042514697E0,1.446363500E0
8.432536250E-1,4.379682930E-1,-3.679041776E-1,1.133046552E0,1.269237645E0
8.532246250E-1,1.625187909E-2,-2.203988072E-1,6.569118744E-1,6.930894376E-1
8.631946250E-1,-4.005002122E-1,-1.852854002E-1,-5.707268393E-1,7.214292928E-1
8.731656250E-1,-2.243503738E-1,-4.088832191E-1,-1.129335909E0,1.221850307E0
8.831366251E-1,-1.518135897E-1,-4.162004247E-1,-1.255623488E0,1.331488078E0
8.931066250E-1,-1.873966653E-1,-2.827704719E-1,-1.091837130E0,1.143321901E0
9.030776250E-1,4.904309005E-1,-6.738176367E-1,2.252692455E-1,8.633069608E-1
9.130486251E-1,3.999059889E-1,-7.301324630E-1,1.290876351E0,1.536027333E0
9.230186250E-1,5.158473583E-1,3.707573265E-2,8.914238137E-1,1.030586980E0
9.329896250E-1,7.399345891E-1,2.490688750E-1,5.218265748E-1,9.390641484E-1
9.429596250E-1,8.418416908E-1,1.003560546E-1,8.504406792E-1,1.200840588E0
9.529306250E-1,-1.484714035E-2,3.303135976E-1,-1.370669210E-1,3.579313498E-1
9.629016250E-1,1.215444912E-1,2.563208842E-1,-3.340987927E-1,4.382869634E-1
9.728716250E-1,4.878190955E-1,4.804981622E-1,-5.611572862E-1,8.852928632E-1
9.828426250E-1,3.870212198E-2,1.179346560E0,-1.026036658E0,1.563683915E0
9.928126250E-1,-1.609649116E-1,1.247799913E0,-1.001694115E0,1.608199436E0
1.002783625E0,-3.749398398E-1,3.246461838E-2,-1.284069607E0,1.338083925E0
1.012754625E0,-8.683794983E-1,-6.120789331E-1,-2.012066667E0,2.275332030E0
1.022724625E0,-8.853414669E-1,-3.717074990E-3,-1.585580113E0,1.816014214E0
1.032695625E0,-7.026417786E-1,1.422831051E0,-4.637631387E-1,1.653248293E0
1.042666625E0,-1.148990959E0,8.214218250E-1,4.253568721E-1,1.475073729E0
1.052636625E0,-1.011460281E0,3.213945472E-1,7.605315524E-1,1.305662512E0
1.062607625E0,-1.095159226E0,9.251835904E-1,1.062751910E0,1.784595200E0
1.072577625E0,-1.154329394E0,9.753369132E-1,9.197407097E-1,1.769090562E0
1.082548625E0,-9.379017229E-1,4.681298393E-1,1.690067518E-1,1.061776092E0
1.092519625E0,-9.444451227E-1,9.172240680E-1,-7.118230766E-1,1.496652489E0
1.102489625E0,-1.380325740E0,1.360760226E0,-9.063804066E-1,2.139741336E0
1.112460625E0,-1.131511877E0,1.420392470E0,6.316899097E-1,1.922723599E0
1.122430625E0,-7.986616842E-1,1.498320067E0,-4.283255035E-1,1.751081451E0
1.132401625E0,-8.817273760E-1,5.829106826E-1,-1.341315018E0,1.707733588E0
1.142372625E0,-9.219035947E-1,-4.146821952E-1,-6.452191973E-1,1.199239498E0
1.152342625E0,-1.047757383E0,1.265948501E-1,2.307679671E-1,1.080312753E0
1.162313625E0,-1.127019461E0,3.977966058E-1,2.161990446E-1,1.214560428E0
1.172283625E0,-1.346854524E0,3.679243505E-2,3.387736416E-1,1.389294199E0
1.182254625E0,-1.490085141E0,-4.354880503E-1,5.335771394E-1,1.641556619E0
1.192225625E0,-1.642947000E0,1.685167551E-2,2.386237013E-1,1.660271090E0
1.202195625E0,-1.649315348E0,7.202439442E-1,-4.698074055E-1,1.860029961E0
1.212166625E0,-1.590540891E0,2.876859337E-2,-1.051289029E0,1.906792222E0
1.222137625E0,-1.592372239E0,-4.542883104E-1,-1.212286264E0,2.052234198E0
1.232107625E0,-1.329345183E0,-4.504814807E-1,-1.516323352E-1,1.411766462E0
1.242078625E0,-6.906201956E-1,2.295760122E-1,1.274601796E0,1.467743553E0
1.252048625E0,-4.099667081E-1,-2.411938450E-1,1.975300545E0,2.031762637E0
1.262019625E0,4.311035156E-1,-6.162246090E-1,1.647032595E0,1.810607462E0
1.271990625E0,7.086933544E-1,-2.300701019E-1,1.281577524E0,1.482437004E0
1.281960625E0,6.017877605E-2,-3.294034785E-1,2.310843015E-1,4.068514362E-1
1.291931625E0,8.230232312E-1,-6.447148749E-1,6.162322104E-2,1.047292667E0
1.301901625E0,8.599076137E-1,2.049294135E-1,-3.360044003E-2,8.846276947E-1
1.311872625E0,7.708950844E-2,-1.863531017E-1,1.939755321E-2,2.025994470E-1
1.321843625E0,1.762158388E-1,2.441341174E-1,-8.228815824E-1,8.762348930E-1
1.331813625E0,-4.610162264E-2,1.045851410E0,-7.671927005E-1,1.297888736E0
1.341784625E0,-5.011309032E-1,7.731515980E-1,-8.378978169E-1,1.245378789E0
1.351755625E0,-1.430857670E0,7.398923430E-1,-5.142421514E-1,1.690928544E0
1.361725625E0,-2.123452909E0,7.821554330E-1,2.687380314E-1,2.278824150E0
1.371696625E0,-2.096307795E0,5.052567351E-1,1.163209999E0,2.450071069E0
1.381666625E0,-1.781096094E0,-2.227058262E-2,1.298426861E0,2.204248531E0
1.391637750E0,-1.556928172E0,-2.146793532E-1,6.195914358E-1,1.689380390E0
1.401608750E0,-1.190338448E0,6.773970097E-2,4.048676437E-1,1.259131485E0
1.411578750E0,-1.116187567E0,6.834021002E-2,4.030298638E-1,1.188687571E0
1.421549750E0,-4.499550120E-1,3.566392243E-2,-3.221728116E-1,5.545509433E-1
1.431519750E0,3.577285606E-1,-3.673747122E-2,-7.395289385E-1,8.223274383E-1
1.441490750E0,4.255829401E-1,-1.962024441E-1,-9.324309218E-1,1.043572547E0
1.451461750E0,6.073059972E-1,-4.424927223E-1,-9.589749420E-1,1.218299357E0
1.461431750E0,1.231243961E0,-2.610398796E-1,-4.097266799E-1,1.323623610E0
1.471402750E0,1.644113958E0,-2.355088896E-1,-2.120638937E-1,1.674379359E0
1.481372750E0,8.302324826E-1,-4.255162087E-1,-1.016522654E0,1.379734875E0
1.491343750E0,8.155566292E-1,-7.648348108E-1,-2.323677653E-1,1.141971839E0
1.501314750E0,1.016360028E0,-6.082188937E-1,2.417887992E-1,1.208875408E0
1.511284750E0,7.221212659E-1,-1.099564226E0,-3.023700464E-1,1.349788226E0
1.521255750E0,3.020770278E-1,-5.841932693E-1,-2.046806145E-1,6.887862227E-1
1.531226750E0,-2.004165873E-1,4.723003659E-1,3.103070569E-1,5.996039640E-1
1.541196750E0,-5.936189079E-1,-2.157128486E-1,5.285760158E-1,8.235945880E-1
1.551167750E0,-3.187474031E-1,-6.834822071E-1,3.414639455E-1,8.278559418E-1
1.561137750E0,-2.353953988E-1,-2.516606534E-1,2.808429372E-1,4.445411495E-1
1.571108750E0,-5.284804869E-1,3.116168332E-1,6.393936163E-1,8.861268941E-1
1.581079750E0,-3.075128553E-1,2.314444900E-1,9.588100505E-1,1.033173471E0
1.591049750E0,1.025396973E-2,1.092166328E-1,5.415737915E-1,5.525717948E-1
1.601020750E0,-5.922476627E-2,-2.808739275E-2,8.593009651E-2,1.080761586E-1
1.610990750E0,-2.259281902E-2,5.566531760E-1,-4.095202732E-1,6.914333286E-1
1.620961750E0,4.986956840E-2,9.934635741E-1,-9.619809955E-1,1.383786213E0
1.630932750E0,2.036851443E-1,1.089785050E0,-1.319534724E0,1.723453214E0
1.640902750E0,3.073399604E-1,8.486406139E-1,-1.459987183E0,1.716453121E0
1.650873750E0,3.803232251E-1,1.013591152E0,-6.717550313E-1,1.274075195E0
1.660844750E0,4.676036995E-1,7.504284409E-1,-5.701210678E-2,8.860284674E-1
1.670814750E0,6.912411699E-1,6.313534024E-1,2.854008418E-1,9.787109452E-1
1.680785750E0,7.895814700E-1,1.152781489E-1,8.983743989E-1,1.201584167E0
1.690755750E0,6.885670920E-1,-3.540758049E-1,8.969833463E-1,1.184936049E0
1.700726750E0,4.439191140E-1,-2.513346711E-1,1.812911671E-1,5.413869078E-1
1.710697750E0,8.404272493E-2,-3.553987375E-1,-3.320049047E-3,3.652156417E-1
1.720667750E0,-2.467875107E-1,-5.478765053E-1,1.002931970E-1,6.092056023E-1
1.730638750E0,-5.185440576E-1,-7.768932313E-1,3.059350938E-1,9.828770595E-1
1.740608750E0,-4.178346119E-1,-5.070097303E-1,5.669091922E-1,8.677733931E-1
1.750579750E0,-3.589196749E-1,-3.600168684E-1,1.382123905E-1,5.268188906E-1
1.760550750E0,8.347634900E-2,-7.726195014E-1,-5.193274748E-1,9.346711833E-1
1.770520750E0,1.550112218E-1,-1.305134494E0,-5.572928613E-1,1.427578320E0
1.780491750E0,1.245818365E-1,-9.524064723E-1,-1.873442048E-1,9.786197287E-1
1.790462750E0,-2.020818743E-1,-3.126707938E-1,2.688614076E-1,4.592238732E-1
1.800432750E0,-7.227125656E-1,-2.081994689E-1,4.726742953E-1,8.883025727E-1
1.810403750E0,-6.381254283E-1,3.129575998E-2,-5.309447229E-2,6.410947745E-1
1.820373750E0,-2.737315718E-1,3.192644066E-1,-7.093771863E-1,8.246664339E-1
1.830344750E0,-2.548212013E-1,6.612724355E-1,-6.987931412E-1,9.952521956E-1
1.840315750E0,1.294433486E-1,1.339768137E0,-1.312793469E0,1.880202365E0
1.850285750E0,5.431544766E-1,1.649082337E0,-1.675245996E0,2.412662116E0
1.860256750E0,6.572659964E-1,1.601404725E0,-8.569878066E-1,1.931559935E0
1.870226750E0,5.770563406E-1,2.205324746E0,-1.116704754E0,2.538401222E0
1.880197750E0,9.758485445E-1,2.324937143E0,-6.187722409E-1,2.596245787E0
1.890168750E0,9.618335726E-1,2.653097796E0,-3.967411834E-1,2.849816714E0
1.900138750E0,1.757594819E0,3.099662519E0,-1.696552080E0,3.946560052E0
1.910109750E0,1.713409603E0,3.130711235E0,-2.243332232E0,4.215408023E0
1.920079750E0,1.604916124E0,4.139997959E0,-1.773566927E0,4.781305105E0
1.930050750E0,1.247954280E0,5.123023961E0,-8.549518061E-1,5.341695141E0
1.940021750E0,1.204680645E0,6.219556405E0,-2.290225732E-1,6.339289287E0
1.949991750E0,1.010213947E0,6.046910931E0,5.362317753E-1,6.154121265E0
1.959962750E0,3.158671012E-1,5.110954138E0,5.404183817E-1,5.149143254E0
1.969932750E0,3.652731133E-1,3.978941081E0,4.571259642E-1,4.021736034E0
1.979903750E0,4.721084310E-1,2.786216092E0,3.164273375E-1,2.843591522E0
1.989874750E0,-1.507739822E-1,1.197256289E0,4.904973103E0,5.051229212E0
1.999844750E0,-5.030629329E-1,-2.090239847E0,2.191268858E1,2.201790398E1
2.009815750E0,4.043560672E-2,-1.461155749E0,2.383964084E1,2.388441095E1
2.019786750E0,3.057546341E-1,-4.941186664E-1,1.528944684E1,1.530048443E1
2.029756750E0,-2.474950421E-1,4.289261879E0,-2.256453384E0,4.852896366E0
2.039727750E0,-3.550984830E-2,1.977897878E0,-1.200857647E1,1.217042521E1
2.049697750E0,-8.095475187E-1,-3.255887258E0,-7.510473102E0,8.225775054E0
2.059668750E0,3.509354847E-1,-5.237881402E0,-1.922154032E0,5.590459142E0
2.069639750E0,1.230012099E0,-4.343484280E0,2.755646557E0,5.288891509E0
2.079609750E0,8.507769672E-1,-2.404285029E0,3.961430717E0,4.711405446E0
2.089580750E0,-8.058751018E-1,-4.588524715E0,-4.775888801E-2,4.658999319E0
2.099550750E0,-1.658859320E0,-7.124635806E0,-1.250855317E1,1.449055389E1
2.109521750E0,2.344898514E0,-6.831549969E0,-1.531887938E1,1.693625370E1
2.119492750E0,-2.621438522E-1,-7.103616235E0,1.900263226E-1,7.110991001E0
2.129462750E0,-5.935575121E-1,-3.916292551E0,2.750077084E0,4.822093097E0
2.139433750E0,1.450285191E0,-5.932636456E0,-4.007340131E0,7.304675036E0
2.149403750E0,-1.748150469E-1,-5.968796808E0,-8.194861042E0,1.013966682E1
2.159374750E0,-9.510781310E-2,-4.377318316E0,-6.953557386E0,8.217172351E0
2.169345750E0,-7.130311114E-1,-2.431635965E0,-5.848073439E0,6.373478625E0
2.179315750E0,-8.731747267E-1,-1.679900379E0,-6.504247395E0,6.774196156E0
2.189286750E0,3.714900557E-2,-3.197449307E0,-9.665020627E0,1.018025962E1
2.199257750E0,-4.834586806E-1,-3.024622570E0,-1.002755384E1,1.048493730E1
2.209227750E0,3.842083345E-1,-2.607544478E0,-8.105717901E0,8.523471531E0
2.219198750E0,8.594443680E-1,-2.312426441E0,-6.746118640E0,7.183040955E0
2.229168750E0,1.035843462E0,-3.859440950E0,-7.919148452E0,8.870240602E0
2.239139750E0,4.730527563E-1,-5.063094678E0,-9.636783838E0,1.089616030E1
2.249110750E0,9.576045373E-2,-3.229150279E0,-8.073778655E0,8.696118868E0
2.259080750E0,8.549182577E-1,-1.083858604E0,1.066514359E1,1.075411189E1
2.269051750E0,1.516922838E0,-4.034829061E0,5.923581692E1,5.939244823E1
2.279021750E0,-2.089672814E-1,-1.631219093E0,5.020728092E1,5.023420747E1
2.288992750E0,4.882312145E-1,1.336313777E1,-2.436775200E1,2.779566798E1
2.298963750E0,-2.594882332E0,-4.604153738E0,-2.781019496E1,2.830792451E1
2.308933750E0,6.622230466E-1,-1.526983528E1,-2.342771736E0,1.546269666E1
2.318904750E0,1.591642652E0,3.133608822E0,1.475752914E1,1.517028335E1
2.328874750E0,-2.043342400E-1,8.698031491E0,1.754624521E1,1.958489789E1
2.338845750E0,1.956705814E0,4.575836842E0,2.832039260E0,5.726030634E0
2.348816750E0,-1.905757416E-1,-1.699651397E0,-6.771163434E-1,1.839462021E0
2.358786750E0,-3.591149354E-1,-1.172630155E0,5.330441657E0,5.469701388E0
2.368757750E0,3.303366941E-1,3.113034225E0,4.124490266E0,5.177984585E0
2.378727750E0,1.453848630E0,2.996428465E0,3.108083972E0,4.555485195E0
2.388698500E0,-4.337504040E-1,-4.703880340E-2,-1.466032619E0,1.529576315E0
2.398669500E0,-1.161614440E-1,-1.877225781E0,-5.491197987E0,5.804371236E0
2.408639500E0,-8.325120927E-1,3.799251759E-1,-4.322316774E0,4.418126506E0
2.418610500E0,-9.036379894E-1,4.605203898E0,-1.098645043E0,4.819905133E0
2.428581500E0,-5.182256767E-1,6.092580024E0,-8.172489595E-1,6.168953320E0
2.438551500E0,-8.018874469E-1,5.528885046E0,-6.312016672E-1,5.622277908E0
2.448522500E0,-9.073821808E-1,4.848853866E0,2.362532401E-1,4.938678146E0
2.458492500E0,-1.849433929E-1,7.996424085E-1,2.292172855E-1,8.521576169E-1
2.468463500E0,4.843891919E-2,-4.904917847E0,-1.847352941E0,5.241495807E0
2.478434500E0,-6.677753433E-1,-8.902646617E0,-4.771137938E0,1.012258850E1
2.488404500E0,-1.611304500E0,-7.467985479E0,-5.466393514E0,9.394070861E0
2.498375500E0,-1.088967755E0,-2.629623272E0,-4.992322903E0,5.746656184E0
2.508345500E0,7.119022333E-1,5.625497421E0,-3.964094124E0,6.918603056E0
2.518316500E0,6.733888165E-1,9.185579349E0,-3.119093109E0,9.724045573E0
2.528287500E0,-3.737489082E-2,6.824981207E0,-1.874636049E0,7.077854595E0
2.538257500E0,-1.386538992E0,-5.565268761E-1,-1.570429977E0,2.167593793E0
2.548228500E0,2.621978110E-1,8.413660929E-1,-3.709917998E0,3.813153046E0
2.558199500E0,1.524819502E0,1.793075109E1,-6.716335262E0,1.920796888E1
2.568169500E0,8.152764744E-1,2.140033683E1,-2.369484740E-1,2.141717154E1
2.578140500E0,-3.829161729E0,2.550550790E0,8.464091994E0,9.633724210E0
2.588110500E0,-4.864168601E0,-1.487876180E1,1.232843320E1,1.992556032E1
2.598081500E0,-3.720254706E0,-1.349836282E1,4.348999958E0,1.466151065E1
2.608052500E0,-9.221322940E-1,-1.665604522E0,-4.572985155E0,4.953459359E0
2.618022500E0,-1.276713664E0,2.787548088E0,-7.114600815E0,7.747126362E0
2.627993500E0,-9.702904006E-1,6.300550282E-2,-4.886797033E0,4.982591534E0
2.637963500E0,2.168116135E0,-3.249897370E0,1.482731683E0,4.178642571E0
2.647934500E0,3.063739858E0,-3.345339717E0,5.997970905E0,7.520203104E0
2.657905500E0,3.619444615E0,-2.442650658E0,5.764921355E0,7.231959609E0
2.667875500E0,2.712249399E0,-2.608601654E0,2.299562566E0,4.410111948E0
2.677846500E0,1.533407747E0,-3.964473900E0,6.529591566E-1,4.300552091E0
2.687816500E0,1.695282503E0,-3.760658089E0,1.231292639E0,4.304952217E0
2.697787500E0,2.253895958E0,-1.255655355E0,3.154909644E0,4.075557903E0
2.707758500E0,2.283250589E0,-1.155250476E0,3.261566366E0,4.145558114E0
2.717728500E0,2.190273867E0,-1.449374487E0,1.246546855E0,2.907209156E0
2.727699500E0,4.642437067E-1,-7.853319329E-1,1.002371222E0,1.355365829E0
2.737670500E0,-1.204210602E0,-4.415343636E-1,8.955759215E-1,1.564331167E0
2.747640500E0,-2.006727867E0,-1.708740601E-1,6.167058349E-1,2.106295507E0
2.757611500E0,-2.420022372E0,-1.048236782E0,2.115990400E-1,2.645766956E0
2.767581500E0,-2.450086416E0,-1.085037695E0,-1.047212934E0,2.876957625E0
2.777552500E0,-2.282796845E0,1.854804048E-1,-1.149723980E0,2.562699679E0
2.787523500E0,-1.643733889E0,9.728334278E-2,-1.117748482E0,1.990147435E0
2.797493500E0,-8.192156705E-1,-8.548892409E-1,-1.113280624E0,1.625221116E0
2.807464500E0,-4.333943816E-1,-7.054735851E-1,-7.504392582E-1,1.117444741E0
2.817434500E0,-5.300546670E-1,4.371892977E-1,-5.174189436E-1,8.601248719E-1
2.827405500E0,-2.442513540E-1,1.270701703E0,-3.344122034E-1,1.336477857E0
2.837376500E0,3.646671590E-1,1.033383392E0,-9.617845291E-1,1.458044188E0
2.847346500E0,5.832283691E-1,6.419687301E-2,-1.456703387E0,1.570433484E0
2.857317500E0,1.879214529E-1,-8.020102385E-1,-1.042068554E0,1.328322915E0
2.867287500E0,-1.411864854E-1,-1.636250914E0,-1.716526169E-1,1.651276869E0
2.877258500E0,-7.964895898E-1,-2.444944520E0,-2.558115917E-1,2.584103122E0
2.887229500E0,-9.694768336E-1,-2.858036565E0,-4.844388932E-1,3.056622217E0
2.897199500E0,-1.609573285E-1,-2.626990271E0,-1.977247667E-1,2.639333292E0
2.907170500E0,7.624714393E-1,-2.567399834E0,1.234241390E0,2.948941575E0
2.917140500E0,1.297997675E0,-2.132309394E0,2.303646262E0,3.396811360E0
2.927111500E0,1.638285599E0,-8.586130401E-1,2.532802736E0,3.136285344E0
2.937082500E0,1.861412571E0,4.131157261E-1,2.182144044E0,2.897805030E0
2.947052500E0,2.109411990E0,1.084261185E0,1.379242982E0,2.743638545E0
2.957023500E0,1.698199825E0,8.465356162E-1,2.510601443E-1,1.914036675E0
2.966994500E0,1.059799797E0,1.935966325E-1,-2.997779757E-1,1.118267455E0
2.976964500E0,5.882378249E-1,4.948606780E-1,-6.649336696E-2,7.715777324E-1
2.986935500E0,8.537861271E-2,1.004547556E0,6.451946390E-1,1.196946708E0
2.996905500E0,-3.147804327E-1,8.866247115E-1,1.331244358E0,1.630153871E0
3.006876500E0,-6.822643782E-1,5.259178716E-1,1.241818796E0,1.511353107E0
3.016847500E0,-8.210645601E-1,4.345571736E-1,1.377253175E-1,9.391247053E-1
3.026817500E0,-7.837420750E-1,6.924313706E-1,-5.881486183E-1,1.199846507E0
3.036788500E0,-6.152623035E-1,3.189065570E-1,-1.043114621E0,1.252332706E0
3.046758500E0,-6.188372912E-1,-7.648011893E-2,-9.765183431E-1,1.158618520E0
3.056729500E0,-7.820120300E-1,-2.230139744E-1,-8.182979500E-1,1.153641878E0
3.066700500E0,-7.414449980E-1,-1.579578531E-1,-8.162923551E-1,1.114012826E0
3.076670500E0,-7.599306048E-1,-4.171555674E-1,-2.762610590E-1,9.098535401E-1
3.086641500E0,-7.087285108E-1,-7.539081189E-1,7.267855167E-2,1.037282857E0
3.096611500E0,-3.898979311E-1,-9.045639691E-1,8.459944564E-1,1.298446376E0
3.106582500E0,-7.651792118E-1,-8.425548318E-1,1.440294930E0,1.835714400E0
3.116553500E0,-1.442527543E0,-5.840251619E-1,5.439857680E-1,1.648602929E0
3.126523500E0,3.597606873E-1,-3.132552230E-1,3.402635121E-1,5.859486706E-1
3.136494500E0,-4.272420875E-1,-2.975726983E-1,-7.750858569E-1,9.337255473E-1
3.146464500E0,-5.656201735E-2,1.128486308E-1,-1.287469763E0,1.293643099E0
3.156435500E0,-5.116580841E-1,2.116338310E-1,-1.330450307E0,1.441069357E0
3.166406500E0,-7.434512508E-1,1.589583117E-1,-1.069162213E0,1.311905234E0
3.176376500E0,-1.067513663E0,5.373690587E-1,-5.912879884E-1,1.333406319E0
3.186347500E0,-1.386024875E0,4.589809933E-1,-7.394973636E-3,1.460062736E0
3.196317500E0,-1.422726679E0,4.527209643E-1,7.887841290E-1,1.688575694E0
3.206288500E0,-1.459509758E0,5.437352148E-1,8.758760673E-1,1.786889925E0
3.216259500E0,-1.509413405E0,7.540598541E-2,8.080618143E-2,1.513454501E0
3.226229500E0,-1.603539543E0,-3.057377502E-1,-5.077745461E-1,1.709575862E0
3.236200500E0,-1.721959109E0,-4.145959488E-1,-5.515678525E-1,1.855063360E0
3.246171500E0,-1.584577900E0,2.118650883E-2,-3.160770893E-1,1.615933389E0
3.256141500E0,-1.229805399E0,1.774211875E-1,4.457227242E-1,1.320063766E0
3.266112500E0,-1.073927840E0,-1.474185392E-1,1.286827154E0,1.682550848E0
3.276082500E0,-8.135038910E-1,8.094388336E-2,1.417342270E0,1.636215024E0
3.286053500E0,-6.639465134E-1,-3.273730329E-1,1.557863141E0,1.724800175E0
3.296024500E0,-4.497876354E-1,-9.076170927E-1,1.046787842E0,1.456654554E0
3.305994500E0,-2.351893392E-1,-6.977368417E-1,3.546926862E-1,8.172867473E-1
3.315965500E0,-2.356942097E-1,-6.006926501E-1,-7.668155551E-2,6.498180371E-1
3.325935500E0,7.594212027E-2,-5.558564928E-1,9.504064322E-3,5.611006803E-1
3.335906500E0,-1.685840346E-1,-4.975541979E-1,8.300678104E-1,9.823407385E-1
3.345877500E0,-4.347593045E-2,-2.988412517E-1,2.203745413E-1,3.738464775E-1
3.355847500E0,-1.009153225E-1,-2.934048030E-1,3.236813933E-1,4.483747596E-1
3.365818500E0,-5.082050474E-1,-3.781251106E-1,2.861615646E-1,6.950823048E-1
3.375788500E0,-6.352140266E-1,-5.821312487E-1,4.718878448E-2,8.629023303E-1
3.385759500E0,-9.820547792E-1,-7.234099191E-1,1.852456391E-1,1.233721787E0
3.395730167E0,-1.211424969E0,-8.504172903E-1,6.596419394E-2,1.481590800E0
3.405700167E0,-1.012207701E0,-8.026934856E-1,4.363391125E-1,1.363551643E0
3.415671167E0,-6.943036491E-1,-1.078551087E0,5.299366629E-1,1.387862699E0
3.425641167E0,-1.206306536E-1,-1.045628339E0,6.117415488E-2,1.054339914E0
3.435612167E0,8.395048510E-3,-9.040915141E-1,4.199341643E-1,9.968934973E-1
3.445583167E0,6.924645536E-1,-7.202781504E-1,2.888267255E-1,1.040061849E0
3.455553167E0,1.432095526E0,-4.541178641E-1,3.567000353E-1,1.544135857E0
3.465524167E0,1.693052668E0,-3.279586315E-1,2.195150006E-1,1.738439252E0
3.475494167E0,1.401547771E0,-3.225315383E-1,7.294167638E-2,1.440028901E0
3.485465167E0,1.249361120E0,-1.861800241E-1,4.387855875E-1,1.337198191E0
3.495436167E0,9.388888791E-1,-2.509876388E-1,4.565845120E-1,1.073767451E0
3.505406167E0,4.334220463E-1,-3.609053528E-1,2.618435794E-1,6.218274712E-1
3.515377167E0,-9.637169790E-2,-3.369402471E-1,6.583146214E-2,3.565810086E-1
3.525348167E0,-4.003380616E-1,-1.362664372E-1,-5.408294410E-1,6.865388479E-1
3.535318167E0,-6.798194381E-1,-4.158335119E-2,-6.627234221E-1,9.503083592E-1
3.545289167E0,-3.521457122E-1,1.174041966E-1,-4.791553491E-1,6.061189624E-1
3.555259167E0,1.334383400E-1,4.842468122E-1,-2.544503599E-1,5.630681587E-1
3.565230167E0,6.958447558E-1,2.672966927E-1,-8.496764481E-2,7.502445913E-1
3.575201167E0,7.304161260E-1,-7.985805541E-2,1.950525892E-1,7.602174286E-1
3.585171167E0,8.590556013E-1,-1.885607180E-1,-4.551238775E-2,8.806832847E-1
3.595142167E0,5.725899815E-1,-3.513375539E-1,1.751890129E-1,6.942539549E-1
3.605112167E0,5.811609033E-1,-6.520759347E-1,2.290804607E-1,9.030110063E-1
3.615083167E0,-1.474387121E-1,-8.777837214E-1,1.015929746E0,1.350687116E0
3.625054167E0,-6.560901213E-1,-7.456612059E-1,1.334300698E0,1.663377057E0
3.635024167E0,-7.379000504E-1,-3.348811501E-1,8.520241052E-1,1.175834574E0
3.644995167E0,-8.117764773E-1,-4.250645113E-1,7.954505396E-1,1.213425914E0
3.654965167E0,-5.261387502E-1,-6.737147257E-1,3.377679205E-1,9.191303956E-1
3.664936167E0,-2.794567451E-1,-8.369803888E-1,2.570582181E-1,9.190816999E-1
3.674907167E0,-3.809695252E-1,-7.243706167E-1,3.753766268E-1,9.004211134E-1
3.684877167E0,-3.241349545E-1,-5.532983360E-1,2.844629484E-1,7.015138533E-1
3.694848167E0,-2.344816434E-1,-8.215823311E-1,1.040243053E-1,8.606975217E-1
3.704818167E0,-4.861709116E-1,-1.066996989E0,7.387091589E-1,1.385834027E0
3.714789167E0,-5.763756151E-1,-7.035326019E-1,4.209001243E-2,9.104606201E-1